Date,Adj Close,Close,High,Low,Open,Volume,Daily_return,Price_Range,Ma_5day,Ma_20day,Volatility_%,Volume_Change_%,Trend
2025-06-23,1633,1703,1730,1699,1729,2221446,-1.5037593984962405,31,,,1.8203170874926602,,Downtrend
2025-06-24,1622,1692,1733,1689,1720,3601071,-1.627906976744186,44,,,2.6004728132387704,62.1048182130018,Downtrend
2025-06-25,1647,1717,1721,1701,1702,1307518,0.881316098707403,20,,,1.1648223645894,-63.690857525441736,Downtrend
2025-06-26,1653,1724,1727,1703,1710,2971055,0.8187134502923977,24,,,1.3921113689095126,127.22861176672136,Downtrend
2025-06-27,1653,1723,1752,1711,1735,6478283,-0.69164265129683,41,1711.8,,2.379570516540917,118.04655248724778,Downtrend
2025-06-30,1658,1729,1735,1713,1725,1855229,0.2318840579710145,22,1717.0,,1.2724117987275883,-71.36233474209138,Downtrend
2025-07-01,1648,1718,1745,1714,1729,1639826,-0.6362058993637941,31,1722.2,,1.8044237485448196,-11.61058823465998,Downtrend
2025-07-02,1648,1719,1738,1711,1722,2069447,-0.17421602787456447,27,1722.6,,1.5706806282722512,26.199182108345642,Downtrend
2025-07-03,1642,1712,1730,1706,1716,1839063,-0.2331002331002331,24,1720.2,,1.4018691588785046,-11.132635916744904,Downtrend
2025-07-04,1655,1726,1729,1706,1715,768500,0.641399416909621,23,1720.8,,1.3325608342989572,-58.21241577912231,Downtrend
2025-07-07,1640,1710,1726,1703,1726,1366412,-0.9269988412514484,23,1717.0,,1.345029239766082,77.8024723487313,Downtrend
2025-07-08,1638,1708,1719,1688,1700,2139193,0.4705882352941176,31,1715.0,,1.8149882903981265,56.555489852255405,Downtrend
2025-07-09,1605,1674,1714,1671,1710,2894808,-2.1052631578947367,43,1706.0,,2.5686977299880525,35.32243233780215,Downtrend
2025-07-10,1595,1664,1680,1649,1675,2740853,-0.6567164179104478,31,1696.4,,1.8629807692307692,-5.3183147206999575,Downtrend
2025-07-11,1571,1638,1656,1630,1643,2548153,-0.30432136335970783,26,1678.8,,1.5873015873015872,-7.030657973995691,Downtrend
2025-07-14,1553,1620,1642,1607,1640,3334703,-1.2195121951219512,35,1660.8,,2.1604938271604937,30.867455761094398,Downtrend
2025-07-15,1502,1566,1621,1550,1590,14685607,-1.509433962264151,71,1632.4,,4.5338441890166035,340.38725487697104,Downtrend
2025-07-16,1499,1563,1574,1560,1566,5218099,-0.19157088122605362,14,1610.2,,0.8957133717210494,-64.46793789320387,Downtrend
2025-07-17,1480,1544,1567,1542,1564,4966082,-1.278772378516624,25,1586.2,,1.6191709844559583,-4.829670728746239,Downtrend
2025-07-18,1497,1549,1550,1530,1544,3902458,0.3238341968911917,20,1568.4,1669.95,1.2911555842479019,-21.417769581734657,Downtrend
2025-07-21,1479,1530,1551,1526,1549,3368842,-1.2265978050355069,25,1550.4,1661.3,1.6339869281045754,-13.673843510935924,Downtrend
2025-07-22,1469,1520,1540,1518,1533,3218227,-0.8480104370515329,22,1541.2,1652.7,1.4473684210526316,-4.470824099200854,Downtrend
2025-07-23,1478,1530,1536,1518,1524,3471536,0.39370078740157477,18,1534.6,1643.35,1.1764705882352942,7.871073109510296,Downtrend
2025-07-24,1457,1507,1538,1502,1530,4654421,-1.5032679738562091,36,1527.2,1632.5,2.3888520238885205,34.07382207760483,Downtrend
2025-07-25,1440,1490,1512,1487,1501,2733655,-0.7328447701532311,25,1515.4,1620.85,1.6778523489932886,-41.26756045488794,Downtrend
2025-07-28,1417,1466,1494,1464,1490,4404841,-1.6107382550335572,30,1502.6,1607.7,2.046384720327422,61.13375682008153,Downtrend
2025-07-29,1423,1472,1478,1461,1466,6223556,0.4092769440654843,17,1493.0,1595.4,1.154891304347826,41.28900452933488,Downtrend
2025-07-30,1427,1476,1484,1469,1480,1642426,-0.2702702702702703,15,1482.2,1583.25,1.0162601626016259,-73.60952484399594,Downtrend
2025-07-31,1419,1468,1483,1460,1465,2306285,0.20477815699658702,23,1474.4,1571.05,1.5667574931880108,40.41941615634435,Downtrend
2025-08-01,1403,1452,1467,1450,1465,2152783,-0.8873720136518772,17,1466.8,1557.35,1.1707988980716253,-6.6558122695156925,Downtrend
2025-08-04,1425,1474,1475,1441,1452,2384774,1.5151515151515151,34,1468.4,1545.55,2.3066485753052914,10.776329987741452,Downtrend
2025-08-05,1433,1483,1485,1471,1480,2614394,0.20270270270270271,14,1470.6,1534.3,0.9440323668240054,9.62858535022606,Downtrend
2025-08-06,1414,1463,1484,1456,1481,1735697,-1.2153950033760972,28,1468.0,1523.75,1.9138755980861244,-33.609968505129686,Downtrend
2025-08-07,1426,1476,1479,1451,1458,1495363,1.2345679012345678,28,1469.6,1514.35,1.8970189701897018,-13.84654118777644,Downtrend
2025-08-08,1426,1476,1482,1459,1475,2815614,0.06779661016949153,23,1474.4,1506.25,1.5582655826558265,88.28966612120269,Downtrend
2025-08-11,1438,1488,1531,1466,1475,2374556,0.8813559322033898,65,1477.2,1499.65,4.368279569892473,-15.664718246180055,Downtrend
2025-08-12,1449,1499,1510,1489,1490,3422656,0.6040268456375839,21,1480.4,1496.3,1.400933955970647,44.13877794417145,Uptrend
2025-08-13,1451,1501,1508,1489,1500,2916128,0.06666666666666667,19,1488.0,1493.2,1.2658227848101267,-14.799267002000782,Uptrend
2025-08-14,1440,1490,1516,1486,1501,4227538,-0.7328447701532311,30,1490.8,1490.5,2.013422818791946,44.97093406050763,Downtrend
2025-08-18,1435,1485,1502,1476,1498,2795155,-0.8678237650200267,26,1492.6,1487.3,1.7508417508417509,-33.882202832949105,Downtrend
2025-08-19,1427,1476,1483,1469,1476,2515817,0.0,14,1490.2,1484.6,0.9485094850948509,-9.993649726043818,Downtrend
2025-08-20,1446,1496,1500,1458,1468,10219330,1.9073569482288828,42,1489.6,1483.4,2.807486631016043,306.20323338303217,Uptrend
2025-08-21,1443,1494,1505,1486,1500,2157601,-0.4,19,1488.2,1481.6,1.2717536813922357,-78.88706011059433,Uptrend
2025-08-22,1417,1466,1492,1464,1490,2802805,-1.6107382550335572,28,1483.4,1479.55,1.9099590723055935,29.903768120240958,Downtrend
2025-08-25,1454,1504,1510,1476,1480,2764914,1.6216216216216217,34,1487.2,1480.25,2.2606382978723407,-1.3518956902103474,Uptrend
2025-08-26,1443,1493,1506,1485,1502,4092265,-0.5992010652463382,21,1490.6,1481.6,1.406563965170797,48.00695428501574,Uptrend
2025-08-28,1401,1450,1488,1446,1488,4367902,-2.553763440860215,42,1481.4,1480.5,2.896551724137931,6.735560869103052,Downtrend
2025-08-29,1406,1455,1463,1439,1450,3404604,0.3448275862068966,24,1473.6,1479.45,1.6494845360824744,-22.054020442766344,Downtrend
2025-09-01,1419,1468,1472,1446,1446,2105254,1.5214384508990317,26,1474.0,1479.45,1.7711171662125342,-38.164497251369035,Downtrend
2025-09-02,1417,1466,1477,1460,1469,1295198,-0.2042205582028591,17,1466.4,1480.15,1.1596180081855387,-38.4778273785491,Downtrend
2025-09-03,1417,1466,1475,1453,1475,1800307,-0.6101694915254238,22,1461.0,1479.75,1.5006821282401093,38.99859326527682,Downtrend
2025-09-04,1395,1443,1466,1441,1465,2192155,-1.5017064846416381,25,1459.6,1477.75,1.7325017325017324,21.765621085737052,Downtrend
2025-09-05,1371,1419,1452,1403,1448,3895199,-2.0027624309392267,49,1452.4,1475.55,3.453136011275546,77.68811968131814,Downtrend
2025-09-08,1356,1403,1429,1401,1424,2929976,-1.4747191011235954,28,1439.4,1471.9,1.9957234497505347,-24.779812276599987,Downtrend
2025-09-09,1379,1427,1432,1409,1410,2906889,1.2056737588652482,23,1431.6,1469.45,1.6117729502452698,-0.7879586726990295,Downtrend
2025-09-10,1415,1464,1472,1432,1435,3205017,2.0209059233449476,40,1431.2,1468.25,2.73224043715847,10.255912764470887,Downtrend
2025-09-11,1418,1468,1470,1458,1464,1982922,0.273224043715847,12,1436.2,1466.7,0.8174386920980926,-38.130686982315545,Uptrend
2025-09-12,1418,1467,1480,1463,1475,2110883,-0.5423728813559322,17,1445.8,1465.0,1.1588275391956373,6.45315347754476,Uptrend
2025-09-15,1417,1466,1468,1452,1467,1725617,-0.0681663258350375,16,1458.4,1463.8,1.0914051841746248,-18.251414218599514,Uptrend
2025-09-16,1433,1483,1485,1461,1464,1724524,1.2978142076502732,24,1469.6,1463.7,1.6183412002697235,-0.06333966343632369,Uptrend
2025-09-17,1432,1482,1499,1475,1491,2656774,-0.6036217303822937,24,1473.2,1464.0,1.6194331983805668,54.05839524413694,Uptrend
2025-09-18,1444,1494,1503,1486,1493,2792406,0.06697923643670461,17,1478.4,1463.9,1.1378848728246318,5.105138788621089,Uptrend
2025-09-19,1418,1467,1494,1464,1494,3197957,-1.8072289156626504,30,1478.4,1462.55,2.044989775051125,14.523353695701836,Uptrend
2025-09-22,1392,1440,1449,1415,1423,4457129,1.1946591707659873,34,1473.2,1461.25,2.361111111111111,39.37426300603792,Downtrend
2025-09-23,1382,1430,1444,1420,1444,3106480,-0.9695290858725761,24,1462.6,1457.55,1.6783216783216783,-30.303116647510087,Downtrend
2025-09-24,1394,1442,1445,1420,1425,2894044,1.1929824561403508,25,1454.6,1455.0,1.7337031900138695,-6.838479565295774,Downtrend
2025-09-25,1376,1424,1442,1416,1440,2713246,-1.1111111111111112,26,1440.6,1453.7,1.8258426966292134,-6.2472443404454125,Downtrend
2025-09-26,1348,1395,1426,1392,1420,2568054,-1.7605633802816902,34,1426.2,1450.7,2.437275985663083,-5.351228749623149,Downtrend
2025-09-29,1341,1387,1403,1383,1397,2990852,-0.7158196134574087,20,1415.6,1446.65,1.4419610670511895,16.463750372850416,Downtrend
2025-09-30,1339,1385,1405,1382,1392,2782077,-0.5028735632183908,23,1406.6,1442.6,1.660649819494585,-6.980452392829872,Downtrend
2025-10-01,1343,1390,1397,1382,1386,2253527,0.2886002886002886,15,1396.2,1438.8,1.079136690647482,-18.998395802848012,Downtrend
2025-10-03,1347,1394,1400,1380,1396,2793839,-0.14326647564469913,20,1390.2,1436.35,1.4347202295552368,23.976282511813697,Downtrend
2025-10-06,1370,1418,1421,1391,1394,1970901,1.721664275466284,30,1394.8,1436.3,2.1156558533145273,-29.45545537878167,Downtrend
2025-10-07,1385,1433,1442,1417,1422,1592836,0.7735583684950774,25,1404.0,1437.8,1.7445917655268668,-19.182343506852963,Downtrend
2025-10-08,1404,1453,1459,1427,1433,1735807,1.3956734124214933,32,1417.6,1439.1,2.202339986235375,8.975876989219223,Uptrend
2025-10-09,1437,1486,1491,1452,1453,2681316,2.271163110805231,39,1436.8,1440.2,2.624495289367429,54.470859951596,Uptrend
2025-10-10,1445,1496,1498,1474,1491,2129445,0.335345405767941,24,1457.2,1441.6,1.6042780748663104,-20.58209476242263,Uptrend
2025-10-13,1445,1495,1502,1476,1490,1820492,0.33557046979865773,26,1472.6,1443.0,1.7391304347826086,-14.50861609480405,Uptrend
2025-10-14,1445,1495,1535,1490,1515,5802489,-1.3201320132013201,45,1485.0,1444.45,3.0100334448160537,218.73191422977962,Uptrend
2025-10-15,1446,1496,1509,1486,1498,1710696,-0.13351134846461948,23,1493.6,1445.1,1.537433155080214,-70.51789326959516,Uptrend
2025-10-16,1464,1515,1520,1498,1500,2021043,1.0,22,1499.4,1446.75,1.4521452145214522,18.14156343383044,Uptrend
2025-10-17,1448,1486,1501,1479,1499,3210161,-0.867244829886591,22,1497.4,1446.35,1.4804845222072678,58.83684810268757,Uptrend
2025-10-20,1457,1495,1510,1489,1490,2354881,0.33557046979865773,21,1497.4,1447.75,1.4046822742474918,-26.64290046511686,Uptrend
2025-10-21,1448,1486,1503,1481,1503,274400,-1.1310711909514306,22,1495.6,1450.05,1.4804845222072678,-88.34760652449106,Uptrend
2025-10-23,1485,1524,1548,1506,1510,5011470,0.9271523178807948,42,1501.2,1454.75,2.7559055118110236,1726.3374635568514,Uptrend
2025-10-24,1484,1524,1533,1516,1525,1491451,-0.06557377049180328,17,1503.0,1458.85,1.1154855643044619,-70.23925115784391,Uptrend
2025-10-27,1494,1534,1550,1527,1531,1394846,0.1959503592423253,23,1512.6,1464.35,1.4993481095176011,-6.477249336384505,Uptrend
2025-10-28,1483,1522,1542,1512,1535,1936466,-0.8469055374592834,30,1518.0,1470.7,1.971090670170828,38.83009307120642,Uptrend
2025-10-29,1517,1557,1559,1522,1530,2596355,1.7647058823529411,37,1532.2,1479.2,2.3763648041104686,34.0769732078952,Uptrend
2025-10-30,1510,1550,1560,1538,1558,2183395,-0.5134788189987163,22,1537.4,1487.45,1.4193548387096775,-15.905375035386148,Uptrend
2025-10-31,1502,1542,1558,1538,1550,1723467,-0.5161290322580645,20,1541.0,1495.05,1.297016861219196,-21.064809619880965,Uptrend
2025-11-03,1504,1544,1550,1528,1540,2252136,0.2597402597402597,22,1543.0,1502.55,1.4248704663212435,30.674738767844122,Uptrend
2025-11-04,1490,1529,1542,1525,1536,1666863,-0.4557291666666667,17,1544.4,1508.1,1.1118378024852846,-25.987462568867958,Uptrend
2025-11-06,1487,1526,1532,1514,1529,2474769,-0.1962066710268149,18,1538.2,1512.75,1.1795543905635648,48.46865039298371,Uptrend
2025-11-07,1473,1512,1519,1490,1515,2238714,-0.19801980198019803,29,1530.6,1515.7,1.917989417989418,-9.538466014403769,Downtrend
2025-11-10,1501,1540,1545,1511,1518,1558896,1.4492753623188406,34,1530.2,1518.4,2.207792207792208,-30.366451453825725,Uptrend
2025-11-11,1529,1570,1572,1541,1548,2270763,1.421188630490956,31,1535.4,1522.1,1.9745222929936306,45.66481663946793,Uptrend
2025-11-12,1553,1594,1600,1574,1575,2331564,1.2063492063492065,26,1548.4,1527.05,1.631116687578419,2.6775581599664866,Uptrend
2025-11-13,1557,1598,1605,1580,1599,1944022,-0.06253908692933083,25,1562.8,1532.2,1.5644555694618274,-16.62154673858406,Uptrend
2025-11-14,1553,1595,1598,1574,1590,2543918,0.3144654088050315,24,1579.4,1537.15,1.5047021943573669,30.858498514934496,Uptrend
2025-11-17,1565,1606,1608,1586,1594,2000978,0.7528230865746549,22,1592.6,1541.7,1.36986301369863,-21.342669064018573,Uptrend
2025-11-18,1554,1595,1604,1590,1604,1640123,-0.5610972568578554,14,1597.6,1547.15,0.877742946708464,-18.033931407541715,Uptrend
2025-11-19,1620,1663,1670,1589,1595,6342672,4.263322884012539,81,1611.4,1555.55,4.87071557426338,286.7192887362716,Uptrend
2025-11-20,1603,1645,1668,1643,1663,2724035,-1.0823812387251954,25,1620.8,1563.5,1.5197568389057752,-57.052248642212625,Uptrend
2025-11-21,1566,1608,1644,1606,1636,2958835,-1.7114914425427872,38,1623.4,1567.7,2.36318407960199,8.619566195001171,Uptrend
2025-11-24,1569,1610,1640,1603,1614,6392688,-0.24783147459727387,37,1624.2,1572.0,2.298136645962733,116.05422404426066,Uptrend
2025-11-25,1560,1601,1619,1593,1618,2285950,-1.0506798516687268,26,1625.4,1575.35,1.6239850093691444,-64.24117679448771,Uptrend
2025-11-26,1576,1618,1628,1601,1601,1243303,1.061836352279825,27,1616.4,1580.15,1.6687268232385661,-45.611102605043854,Uptrend
2025-11-27,1587,1629,1633,1614,1619,2106176,0.6176652254478072,19,1613.2,1583.75,1.1663597298956414,69.40166636773175,Uptrend
2025-11-28,1582,1624,1637,1619,1629,1841289,-0.3069367710251688,18,1616.4,1587.45,1.1083743842364533,-12.576679251876389,Uptrend
2025-12-01,1600,1643,1646,1628,1630,2034350,0.7975460122699387,18,1623.0,1592.5,1.0955569080949483,10.48510038348136,Uptrend
2025-12-02,1593,1636,1653,1624,1651,2326220,-0.9085402786190186,29,1630.0,1597.1,1.7726161369193152,14.347088750706604,Uptrend
2025-12-03,1598,1640,1655,1629,1636,2371611,0.24449877750611246,26,1634.4,1602.65,1.5853658536585367,1.951277179286559,Uptrend
2025-12-04,1612,1655,1672,1645,1650,3935708,0.30303030303030304,27,1639.6,1609.1,1.6314199395770395,65.95082414443179,Uptrend
2025-12-05,1640,1683,1691,1651,1663,3391204,1.2026458208057726,40,1651.4,1617.65,2.3767082590612003,-13.834969464198055,Uptrend
2025-12-08,1645,1689,1695,1677,1683,2702407,0.35650623885918004,18,1660.6,1625.1,1.0657193605683837,-20.311281774850464,Uptrend
2025-12-09,1615,1658,1687,1656,1687,2817704,-1.7190278601066984,31,1665.0,1629.5,1.8697225572979495,4.266455792928303,Uptrend
2025-12-10,1623,1666,1671,1657,1663,1482249,0.1803968731208659,14,1670.2,1633.1,0.8403361344537815,-47.39514867423974,Uptrend
2025-12-11,1629,1672,1677,1649,1668,1408684,0.2398081534772182,28,1673.6,1636.8,1.674641148325359,-4.9630662594476345,Uptrend
2025-12-12,1630,1673,1678,1660,1677,1284337,-0.2385211687537269,18,1671.6,1640.7,1.0759115361625822,-8.827174866755072,Uptrend
2025-12-15,1640,1684,1688,1660,1673,1689723,0.657501494321578,28,1670.6,1644.6,1.66270783847981,31.563834102731605,Uptrend
2025-12-16,1609,1652,1682,1645,1681,1929309,-1.7251635930993456,37,1669.4,1647.45,2.2397094430992737,14.179010405847592,Uptrend
2025-12-17,1612,1655,1664,1646,1651,1394918,0.24227740763173833,18,1667.2,1647.05,1.0876132930513596,-27.698569798824344,Uptrend
2025-12-18,1618,1661,1674,1651,1657,1822056,0.24140012070006037,23,1665.0,1647.85,1.3847080072245637,30.62101141429101,Uptrend
2025-12-19,1600,1642,1681,1632,1675,3487150,-1.9701492537313434,49,1658.8,1649.55,2.9841656516443362,91.38544589189354,Downtrend
2025-12-22,1627,1670,1674,1644,1652,1339691,1.0895883777239708,30,1656.0,1652.55,1.7964071856287425,-61.58206558364281,Uptrend
2025-12-23,1636,1680,1687,1656,1675,1614314,0.2985074626865672,31,1661.6,1656.5,1.8452380952380953,20.498980735109807,Uptrend
2025-12-24,1631,1675,1680,1665,1676,989858,-0.05966587112171838,15,1665.6,1659.35,0.8955223880597015,-38.682437245789856,Uptrend
2025-12-26,1618,1661,1676,1650,1668,921138,-0.4196642685851319,26,1665.6,1660.95,1.56532209512342,-6.942409921423076,Uptrend
2025-12-29,1589,1631,1661,1625,1660,1516288,-1.746987951807229,36,1663.4,1661.3,2.2072348252605765,64.61029726273371,Downtrend
2025-12-30,1573,1615,1636,1611,1631,3323273,-0.9809932556713672,25,1652.4,1659.9,1.5479876160990713,119.1716217499578,Downtrend
2025-12-31,1581,1623,1632,1617,1624,1359963,-0.06157635467980296,15,1641.0,1659.25,0.9242144177449169,-59.077602110931004,Downtrend
2026-01-01,1592,1634,1646,1618,1623,773806,0.6777572396796057,28,1632.8,1658.95,1.7135862913096693,-43.10095201119443,Downtrend
2026-01-02,1598,1640,1643,1625,1632,950573,0.49019607843137253,18,1628.6,1658.2,1.097560975609756,22.84383941194563,Downtrend
2026-01-05,1566,1608,1634,1580,1625,3245802,-1.0461538461538462,54,1624.0,1654.45,3.3582089552238807,241.45741568506574,Downtrend
2026-01-06,1575,1616,1626,1597,1600,2112043,1.0,29,1624.2,1650.8,1.7945544554455444,-34.9300111343822,Downtrend
2026-01-07,1605,1648,1654,1617,1621,3816569,1.6656384947563232,37,1629.2,1650.3,2.2451456310679614,80.70508034164077,Downtrend
2026-01-08,1604,1647,1661,1635,1653,3266398,-0.3629764065335753,26,1631.8,1649.35,1.5786278081360048,-14.41532958004952,Downtrend
2026-01-09,1618,1661,1675,1647,1647,3281306,0.8500303582270795,28,1636.0,1648.8,1.6857314870559903,0.45640488391187617,Uptrend
2026-01-12,1625,1668,1677,1642,1659,4175707,0.5424954792043399,35,1648.0,1648.55,2.0983213429256597,27.25747004393981,Uptrend
2026-01-13,1622,1665,1698,1626,1685,7149266,-1.1869436201780417,72,1657.8,1647.6,4.324324324324325,71.21091111038203,Uptrend
2026-01-14,1625,1668,1678,1649,1665,2470615,0.18018018018018017,29,1661.8,1648.4,1.738609112709832,-65.44239646419646,Uptrend
2026-01-16,1666,1698,1701,1665,1670,3098089,1.6766467065868262,36,1672.0,1650.55,2.1201413427561837,25.397482003468763,Uptrend
2026-01-19,1685,1717,1719,1685,1698,2087629,1.1189634864546525,34,1683.2,1653.35,1.9801980198019802,-32.61558980390815,Uptrend
2026-01-20,1656,1687,1720,1682,1720,1739341,-1.9186046511627908,38,1687.0,1655.6,2.2525192649673977,-16.683424114150547,Uptrend
2026-01-21,1651,1682,1695,1669,1688,1728435,-0.35545023696682465,26,1690.4,1656.2,1.5457788347205708,-0.6270190836644485,Uptrend
2026-01-22,1671,1703,1709,1682,1691,1853439,0.7096392667060911,27,1697.4,1657.35,1.5854374633000587,7.232207170070026,Uptrend
2026-01-23,1675,1707,1721,1699,1713,1874357,-0.3502626970227671,22,1699.2,1658.95,1.2888107791446983,1.1286047180403491,Uptrend
2026-01-27,1688,1720,1726,1700,1720,2671530,0.0,26,1699.8,1661.9,1.5116279069767442,42.53047845207716,Uptrend
2026-01-28,1697,1730,1734,1691,1705,2713867,1.466275659824047,43,1708.4,1666.85,2.485549132947977,1.5847473170804705,Uptrend
2026-01-29,1689,1722,1725,1696,1723,2235602,-0.05803830528148578,29,1716.4,1672.2,1.684088269454123,-17.62300805455831,Uptrend
2026-01-30,1664,1696,1713,1683,1713,4448681,-0.99241097489784,30,1715.0,1675.85,1.7688679245283019,98.99253087087952,Uptrend
2026-02-02,1645,1677,1688,1654,1670,1916380,0.41916167664670656,34,1709.0,1678.0,2.0274299344066784,-56.92251253798598,Downtrend
2026-02-03,1663,1695,1780,1689,1780,3200948,-4.775280898876404,91,1704.0,1680.75,5.368731563421829,67.0309646312318,Uptrend
2026-02-04,1591,1622,1645,1586,1642,5834470,-1.2180267965895248,59,1682.4,1681.45,3.6374845869297165,82.27318906773868,Downtrend
2026-02-05,1580,1610,1632,1600,1614,3184531,-0.24783147459727387,32,1660.0,1681.15,1.9875776397515528,-45.41867556093355,Downtrend
2026-02-06,1564,1594,1612,1574,1612,3342992,-1.1166253101736971,38,1639.6,1678.45,2.3839397741530743,4.975960353345599,Downtrend
2026-02-09,1572,1602,1620,1594,1600,1863558,0.125,26,1624.6,1676.2,1.6229712858926344,-44.2547873282377,Downtrend
2026-02-10,1544,1573,1602,1568,1595,3234785,-1.3793103448275863,34,1600.2,1671.8,2.161474888747616,73.5811281430468,Downtrend
2026-02-11,1522,1552,1578,1546,1574,2944646,-1.3977128335451081,32,1586.2,1666.0,2.0618556701030926,-8.96934417588804,Downtrend
2026-02-12,1448,1476,1535,1470,1529,5397659,-3.4663178548070634,65,1559.4,1656.55,4.403794037940379,83.30417306528526,Downtrend
2026-02-13,1428,1455,1477,1396,1423,7214938,2.2487702037947996,81,1531.6,1645.9,5.567010309278351,33.66791047748663,Downtrend
2026-02-16,1434,1462,1467,1447,1451,2388700,0.7580978635423846,20,1503.6,1634.1,1.3679890560875512,-66.89230039121612,Downtrend
2026-02-17,1455,1483,1511,1458,1464,2840341,1.2978142076502732,53,1485.6,1622.4,3.5738368172623063,18.907397329091147,Downtrend
2026-02-18,1440,1467,1483,1443,1483,2036245,-1.078894133513149,40,1468.6,1611.4,2.7266530334014996,-28.30984026213754,Downtrend
2026-02-19,1423,1450,1502,1443,1470,2397127,-1.3605442176870748,59,1463.4,1599.8,4.068965517241379,17.722916446694768,Downtrend
2026-02-20,1410,1436,1455,1431,1443,2392491,-0.4851004851004851,24,1459.6,1586.45,1.6713091922005572,-0.19339818040512435,Downtrend
2026-02-23,1399,1426,1442,1416,1438,2629763,-0.8344923504867872,26,1452.4,1572.4,1.8232819074333801,9.917362280568653,Downtrend
2026-02-24,1314,1339,1407,1322,1402,10004684,-4.49358059914408,85,1423.6,1553.35,6.348020911127707,280.44051878439234,Downtrend
2026-02-25,1352,1378,1391,1354,1355,5703505,1.6974169741697416,37,1405.8,1535.75,2.6850507982583456,-42.9916527098707,Downtrend
2026-02-26,1348,1374,1405,1368,1391,2329520,-1.2221423436376708,37,1390.6,1518.35,2.692867540029112,-59.15634333624675,Downtrend
2026-02-27,1363,1389,1405,1382,1398,8651443,-0.6437768240343348,23,1381.2,1503.0,1.655867530597552,271.38307462481544,Downtrend
2026-03-02,1345,1371,1386,1350,1351,2088938,1.4803849000740192,36,1370.2,1487.7,2.62582056892779,-75.85445572490046,Downtrend
2026-03-04,1338,1364,1382,1356,1356,3161598,0.5899705014749262,26,1375.2,1471.15,1.906158357771261,51.349537420450005,Downtrend
2026-03-05,1329,1354,1378,1332,1378,2217963,-1.741654571843251,46,1370.4,1457.75,3.3973412112259975,-29.8467736884955,Downtrend
2026-03-06,1331,1357,1381,1354,1356,1871596,0.07374631268436578,27,1367.0,1445.1,1.989683124539425,-15.616446261727535,Downtrend
2026-03-09,1333,1359,1373,1328,1330,2256550,2.180451127819549,45,1361.0,1433.35,3.3112582781456954,20.568220919471948,Downtrend
2026-03-10,1336,1362,1364,1345,1361,1671877,0.07347538574577515,19,1359.2,1421.35,1.3950073421439062,-25.910039662316365,Downtrend
2026-03-11,1325,1350,1376,1347,1367,1837000,-1.2435991221653255,29,1356.4,1410.2,2.148148148148148,9.876504072967096,Downtrend
2026-03-12,1333,1358,1363,1341,1350,2616965,0.5925925925925926,22,1357.2,1400.5,1.6200294550810017,42.458628198149164,Downtrend
2026-03-13,1301,1325,1357,1321,1350,2190786,-1.8518518518518516,36,1350.8,1392.95,2.7169811320754715,-16.28523881672089,Downtrend
2026-03-16,1304,1329,1338,1302,1313,3618375,1.2185833968012185,36,1344.8,1386.65,2.708803611738149,65.16332494365035,Downtrend
2026-03-17,1296,1321,1329,1298,1329,2285672,-0.601956358164033,31,1336.6,1379.6,2.34670704012112,-36.83153349224445,Downtrend
2026-03-18,1332,1357,1378,1326,1326,2564106,2.3378582202111615,52,1338.0,1373.3,3.831982313927782,12.181712861687943,Downtrend
2026-03-19,1287,1312,1354,1309,1341,1663249,-2.162565249813572,45,1328.8,1365.55,3.429878048780488,-35.13337592127627,Downtrend
2026-03-20,1309,1334,1352,1329,1335,5050431,-0.0749063670411985,23,1330.6,1359.75,1.7241379310344827,203.64852165851292,Downtrend
2026-03-23,1333,1359,1365,1310,1315,5166409,3.3460076045627374,55,1336.6,1355.9,4.047093451066961,2.2963980697884967,Uptrend
2026-03-24,1348,1373,1394,1360,1380,3555664,-0.5072463768115941,34,1347.0,1353.25,2.4763292061179896,-31.177264517772407,Uptrend
2026-03-25,1355,1381,1411,1348,1348,4167275,2.4480712166172105,63,1351.8,1355.35,4.5619116582186825,17.201034743440324,Uptrend
2026-03-27,1339,1364,1407,1360,1377,8956139,-0.944081336238199,47,1362.2,1354.65,3.44574780058651,114.91595827009257,Uptrend
2026-03-30,1316,1342,1359,1336,1350,5541018,-0.5925925925925926,23,1363.8,1353.05,1.713859910581222,-38.131621226512905,Downtrend
2026-04-01,1329,1354,1400,1349,1400,2469237,-3.2857142857142856,51,1362.8,1351.3,3.766617429837518,-55.4371236476763,Uptrend
2026-04-02,1376,1402,1413,1341,1347,6509389,4.083147735708983,72,1368.6,1352.85,5.1355206847360915,163.6194500568394,Uptrend
2026-04-06,1377,1403,1422,1394,1397,2134581,0.4294917680744453,28,1373.0,1354.8,1.9957234497505347,-67.20765958218198,Uptrend
2026-04-07,1415,1442,1446,1388,1391,3459049,3.6664270309130123,58,1388.6,1359.2,4.0221914008321775,62.048149027841994,Uptrend
2026-04-08,1434,1461,1466,1432,1450,4239052,0.7586206896551724,34,1412.4,1364.4,2.327173169062286,22.54963719796974,Uptrend
2026-04-09,1437,1465,1469,1436,1459,3101205,0.411240575736806,33,1434.6,1369.7,2.2525597269624575,-26.842015620473635,Uptrend
2026-04-10,1424,1451,1458,1421,1452,3450066,-0.06887052341597796,37,1444.4,1374.15,2.5499655410062028,11.24920796916038,Uptrend
2026-04-13,1403,1429,1448,1418,1441,2252652,-0.8327550312283136,30,1449.6,1378.1,2.099370188943317,-34.70698821413851,Uptrend
2026-04-15,1424,1451,1475,1437,1445,3993858,0.4152249134948097,38,1451.4,1382.75,2.6188835286009646,77.29582731820095,Uptrend
2026-04-16,1423,1450,1469,1435,1460,5229848,-0.684931506849315,34,1449.2,1389.0,2.344827586206897,30.94726953236695,Uptrend
2026-04-17,1415,1442,1458,1430,1443,3319268,-0.0693000693000693,28,1444.6,1394.65,1.9417475728155338,-36.53222808769968,Uptrend
2026-04-20,1401,1428,1452,1424,1446,2352656,-1.2448132780082988,28,1440.0,1400.0,1.9607843137254901,-29.12123998423749,Uptrend
2026-04-21,1414,1441,1455,1422,1430,3091487,0.7692307692307693,33,1442.4,1404.2,2.2900763358778624,31.404123679789997,Uptrend
2026-04-22,1261,1285,1358,1281,1345,33066256,-4.4609665427509295,77,1409.2,1402.85,5.992217898832685,969.5906533004991,Downtrend
2026-04-23,1254,1278,1294,1272,1290,8304759,-0.9302325581395349,22,1374.8,1400.05,1.7214397496087637,-74.88448949285338,Downtrend
2026-04-24,1203,1203,1265,1198,1264,10903519,-4.825949367088608,67,1327.0,1392.25,5.569409808811305,31.292419202050304,Downtrend
2026-04-27,1228,1228,1232,1201,1209,6066942,1.5715467328370554,31,1287.0,1385.0,2.5244299674267103,-44.357945356907244,Downtrend
2026-04-28,1196,1196,1233,1192,1228,6643295,-2.6058631921824107,41,1238.0,1375.75,3.4280936454849495,9.49989302683296,Downtrend
2026-04-29,1200,1200,1211,1192,1200,4777201,0.0,19,1221.0,1367.55,1.5833333333333335,-28.089886118259088,Downtrend
2026-04-30,1199,1199,1214,1184,1200,5070033,-0.08333333333333334,30,1205.2,1360.4,2.5020850708924103,6.129781853432581,Downtrend
2026-05-04,1200,1200,1214,1191,1208,3318673,-0.6622516556291391,23,1204.6,1352.7,1.9166666666666665,-34.543364905119944,Downtrend
2026-05-05,1200,1200,1205,1190,1200,2459953,0.0,15,1199.0,1342.6,1.25,-25.875402608211175,Downtrend
2026-05-06,1189,1189,1212,1186,1208,3541520,-1.5728476821192054,26,1197.6,1331.9,2.1867115222876365,43.96697823088489,Downtrend
2026-05-07,1183,1183,1196,1181,1195,3725309,-1.00418410041841,15,1194.2,1318.95,1.267962806424345,5.1895513790688685,Downtrend
2026-05-08,1198,1198,1203,1177,1180,2813749,1.5254237288135595,26,1194.0,1305.8,2.1702838063439067,-24.4693795870356,Downtrend
2026-05-11,1195,1195,1206,1191,1197,2505962,-0.1670843776106934,15,1193.0,1292.3,1.2552301255230125,-10.938680031516668,Downtrend
2026-05-12,1146,1146,1184,1143,1183,3959561,-3.127641589180051,41,1182.2,1277.05,3.5776614310645725,58.005628177921295,Downtrend
2026-05-13,1143,1143,1155,1137,1146,2635034,-0.2617801047120419,18,1173.0,1262.75,1.574803149606299,-33.45135988560348,Downtrend
2026-05-14,1124,1124,1143,1103,1139,5837032,-1.3169446883230904,40,1161.2,1246.4,3.558718861209965,121.51638271081131,Downtrend
2026-05-15,1133,1133,1152,1122,1122,3729249,0.9803921568627451,30,1148.2,1230.55,2.64783759929391,-36.11052671974387,Downtrend
2026-05-18,1147,1147,1150,1121,1129,2588569,1.5943312666076175,29,1138.6,1215.8,2.528334786399302,-30.587391724178246,Downtrend
2026-05-19,1179,1179,1198,1152,1156,5756760,1.9896193771626298,46,1145.2,1203.35,3.9016115351993217,122.39159937401709,Downtrend
2026-05-20,1170,1170,1181,1162,1166,1415960,0.34305317324185247,19,1150.6,1189.8,1.6239316239316242,-75.40352559425789,Downtrend
2026-05-21,1168,1168,1181,1163,1174,2245247,-0.5110732538330494,18,1159.4,1183.95,1.5410958904109588,58.56712054012825,Downtrend
2026-05-22,1164,1164,1176,1160,1170,2044782,-0.5128205128205128,16,1165.6,1178.25,1.3745704467353952,-8.928416339048661,Downtrend
2026-05-25,1166,1166,1178,1162,1168,1419803,-0.17123287671232876,16,1169.4,1176.4,1.3722126929674099,-30.56457852230703,Downtrend
2026-05-26,1162,1162,1174,1160,1166,1196820,-0.34305317324185247,14,1166.0,1173.1,1.2048192771084338,-15.705206989983822,Downtrend
2026-05-27,1165,1165,1170,1154,1155,1004168,0.8658008658008658,16,1165.0,1171.55,1.3733905579399142,-16.09699035778145,Downtrend
2026-05-29,1184,1184,1192,1177,1180,12446602,0.3389830508474576,15,1168.2,1170.75,1.2668918918918919,1139.4939890536245,Uptrend
2026-06-01,1195,1195,1213,1190,1190,5970435,0.42016806722689076,23,1174.4,1170.55,1.9246861924686192,-52.03160669876004,Uptrend
2026-06-02,1244,1244,1257,1202,1210,7663067,2.809917355371901,55,1190.0,1172.75,4.421221864951769,28.350229087160315,Uptrend
2026-06-03,1179,1179,1230,1177,1229,4800922,-4.068348250610252,53,1193.4,1171.7,4.495335029686174,-37.34986265942866,Uptrend
2026-06-04,1168,1168,1176,1158,1166,2025595,0.17152658662092624,18,1194.0,1170.65,1.5410958904109588,-57.80820850661602,Downtrend
2026-06-05,1155,1155,1182,1147,1179,1971395,-2.035623409669211,35,1188.2,1169.25,3.0303030303030303,-2.6757569997951203,Downtrend
2026-06-08,1151,1151,1159,1132,1142,1546444,0.7880910683012259,27,1179.4,1166.9,2.3457862728062553,-21.555852581547587,Downtrend
2026-06-09,1146,1146,1159,1136,1159,2225582,-1.1216566005176878,23,1159.8,1164.45,2.006980802792321,43.916106887801945,Downtrend
2026-06-10,1132,1132,1152,1130,1141,1600595,-0.7887817703768624,22,1150.4,1163.75,1.9434628975265018,-28.081957887869336,Downtrend
2026-06-11,1110,1110,1114,1090,1113,3435236,-0.2695417789757413,24,1138.8,1162.1,2.1621621621621623,114.62243728113606,Downtrend
2026-06-12,1110,1110,1122,1100,1120,2203987,-0.8928571428571428,22,1129.8,1161.4,1.981981981981982,-35.84175876126123,Downtrend
2026-06-15,1119,1119,1128,1113,1124,2361006,-0.4448398576512456,15,1123.4,1160.7,1.3404825737265416,7.124316069014935,Downtrend
2026-06-16,1159,1159,1162,1138,1141,8343470,1.5775635407537247,24,1126.0,1161.3,2.070750647109577,253.38622604093342,Downtrend
2026-06-17,1167,1167,1174,1159,1169,2263670,-0.1710863986313088,15,1133.0,1160.7,1.2853470437017995,-72.86896219438674,Uptrend
2026-06-18,1162,1162,1169,1136,1152,3368037,0.8680555555555556,33,1143.4,1160.3,2.8399311531841653,48.78657224772163,Uptrend
2026-06-19,1132,1132,1136,1091,1110,10014063,1.981981981981982,45,1147.8,1158.5,3.9752650176678443,197.326395167274,Downtrend
2026-06-22,1130,1130,1149,1127,1136,2312385,-0.528169014084507,22,1150.0,1156.8,1.9469026548672566,-76.90862340290849,Downtrend
2026-06-23,1110,1110,1126,1106,1122,3233429,-1.06951871657754,20,1140.2,1154.0,1.8018018018018018,39.83091051014429,Downtrend
